size_mib,payload_bytes,mean_ms_per_op,p50_us,p95_us,p99_us,allocation_bytes_per_op
1,1049487,0.4733648,560.128,1046.528,1572.864,188972
2,2098974,0.7724310,,,,189030
4,4197948,1.1903880,,,,188551
8,8395896,2.8487980,4661.248,6971.392,8174.961,188214
16,16791792,5.3869630,,,,188243
32,33583584,10.1851330,18219.008,22025.011,24832.573,191024
64,67167168,19.3870950,33947.648,39649.280,43072.881,191595
